-- persons
INSERT INTO Person (id, birthday, first_name, last_name, type)
VALUES (1, '1990-01-01', 'Max', 'Musterguide 1', 'GUIDE'),
       (2, '1990-02-01', 'Max', 'Musterguide 2', 'GUIDE'),
       (3, '1990-03-01', 'Franz', 'Mustermann 1', 'CUSTOMER'),
       (4, '1990-04-01', 'Franz', 'Mustermann 2', 'CUSTOMER'),
       (5, '1990-05-01', 'Franz', 'Mustermann 3', 'CUSTOMER');

INSERT INTO Address (id, city, street, zip)
VALUES (1, 'Vienna', 'Am Ring 1', '1010'),
       (2, 'Vienna', 'Am Ring 2', '1010'),
       (3, 'Vienna', 'Am Ring 3', '1010'),
       (4, 'Melk', 'Stift 1', '3390'),
       (5, 'Vienna', 'Schloss Schönbrunn', '1130'),
       (6, 'Vienna', 'Prater Hauptallee', '1020'),
       (7, 'Vienna', 'Donaukanal', '1010'),
       (8, 'Vienna', 'Linke Wienzeile 22', '1060'),
       (9, 'Vienna', 'Lindengasse 53', '1070'),
       (10, 'Vienna', 'Hernalser Guertel 20', '1080'),
       (11, 'Vienna', 'Wipplingerstraße 9', '1010'),
       (12, 'Vienna', 'Reumannplatz 13', '1100'),
       (13, 'Vienna', 'Parkring 1', '1010'),
       (14, 'Vienna', 'Karlsplatz 13', '1040'),
       (15, 'Vienna', 'Karl-Schweighofer-Gasse 10', '1070'),
       (16, 'Vienna', 'Kaerntner Straße 1', '1010'),
       (17, 'Vienna', 'Stephansplatz 3', '1010'),
       (18, 'Vienna', 'Schoenbrunner Schloßstraße 47', '1010'),
       (19, 'Vienna', 'Opernring 2', '1010'),
       (20, 'Vienna', 'Heldenplatz', '1010'),
       (21, 'Vienna', 'Wagramer Straße 5', '1220'),
       (22, 'Vienna', 'Seilerstaette 9', '1010'),
       (23, 'Vienna', 'Waehringerstraße 78', '1090'),
       (24, 'Vienna', 'Am Augartenspitz 1', '1020'),
       (25, 'Vienna', 'Franz-Josefs-Kai 29', '1010'),
       (26, 'Vienna', 'Riemergasse 11', '1010'),
       (27, 'Vienna', 'Donauinsel', '1210'),
       (28, 'Vienna', 'Lothringerstraße 22', '1030'),
       (29, 'Vienna', 'Erzherzog-Karl-Straße 108', '1220'),
       (30, 'Vienna', 'Badeschiff Wien', '1010'),
       (31, 'Vienna', 'Große Sperlgasse 41', '1020'),
       (32, 'Vienna', 'Lederergasse 26', '1080'),
       (33, 'Vienna', 'Linke Wienzeile 48-52', '1060'),
       (34, 'Vienna', 'Kahlenberg', '1190'),
       (35, 'Vienna', 'Obere Weißgerberstraße', '1030'),
       (36, 'Vienna', 'Maysedergasse 5', '1010'),
       (37, 'Vienna', 'Augartenbruecke 1', '1010'),
       (38, 'Vienna', 'Schwarzenberg Straße 1-3', '1010'),
       (39, 'Vienna', 'Stubenring 5', '1010'),
       (40, 'Vienna', 'Albertinaplatz 1', '1010'),
       (41, 'Vienna', 'Museumsplatz 1', '1070'),
       (42, 'Vienna', 'Maria-Theresien-Platz', '1010'),
       (43, 'Vienna', 'Westbahnstraße 40', '1070');

-- addresses
INSERT INTO Person (id, email, first_name, last_name, password, type)
VALUES (6, 'k.riginding@gmail.com', 'Kathleen', 'Riginding', '$31$16$vy_nqNAQuuvTxPNX0nxUXon5UWC_Z4_-VXOAn5UnIlo',
        'GUIDE'),
       (7, 'e1427322@student.tuwien.ac.at', 'Christoph', 'Huber', '$31$16$fvCaqiDruLg3LMwv09V6KTg-M5SIZTvCbQI3yBw94E8',
        'GUIDE'),
       (8, 'e1426163@student.tuwien.ac.at', 'Samuel', 'Alkin', '$31$16$fvCaqiDruLg3LMwv09V6KTg-M5SIZTvCbQI3yBw94E8',
        'GUIDE'),
       (9, 'samuel.alkin@gmx.at', 'Samuel', 'Alkin', '$31$16$fvCaqiDruLg3LMwv09V6KTg-M5SIZTvCbQI3yBw94E8', 'CUSTOMER'),
       (10, 'e1426987@student.tuwien.ac.at', 'Daniel', 'Ly', '$31$16$fvCaqiDruLg3LMwv09V6KTg-M5SIZTvCbQI3yBw94E8',
        'GUIDE'),
       (11, 'e1427619@student.tuwien.ac.at', 'Patrick', 'Fichtinger',
        '$31$16$fvCaqiDruLg3LMwv09V6KTg-M5SIZTvCbQI3yBw94E8', 'GUIDE');


-- experiences
INSERT INTO Experience (id, description, duration, max_group_size, name, price, type, location_id)
VALUES (1, 'Daytrip from Vienna to Stift Melk and the Donautal', 360, 30, 'Daytrip to Stift Melk', 80,
        'SIGHTSEEING', 4),
       (2,
        'Listen to music of Mozart and Strauss in the Orangery of Schloß Schoenbrunn', 90, 300,
        'Evening concert in Schloß Schoenbrunn', 45, 'CONCERT', 5),
       (3, 'We will run through the Allee in a relaxed pace. Beginners welcome!', 90, 10, 'Morning Run - Prater', 0,
        'SPORTS', 6),
       (4, 'Afternoon 10k run along the water and drinks', 90, 10, 'Afternoon Run - Donaukanal', 10, 'SPORTS', 7),
       (5, 'We will visit modern coffeehouses to drink some coffee and people watch', 120, 5,
        'Modern coffee house tour', 20, 'SPECIAL', 8),
       (6, 'Playing VR games + drinks afterwards', 180, 15, 'VR Games at VREI', 25, 'GAMES', 9),
       (7, 'We will split in two groups and play against each other', 90, 16, 'Escape the Room', 20, 'GAMES', 10),
       (8, 'Beer tasting, snacks and more', 90, 10, 'Austrian Beer Tasting Experience', 15, 'NIGHTLIFE', 11),
       (9, 'Eismarillenknoedel and THE best hazelnut ice cream of your life', 60, 8,
        'Tichy Eissalon', 15, 'SPECIAL', 12),
       (10, 'Jam session in the park. Bring your own instruments!', 120, 15, 'Jam session', 0, 'CONCERT', 13),
       (11, 'Finding art in the streets of Vienna', 165, 7, 'Banksy in Vienna', 0, 'SIGHTSEEING', 14),
       (12, 'Night out in a local favorite', 240, 10, 'DonauTechno', 30, 'NIGHTLIFE', 15),
       (13, 'Walk through Vienna to see old and new architecture', 120, 20, 'Architecture Walk Vienna',
        10, 'SIGHTSEEING', 14),
       (14, '11.000 bodies sleep beneath the Stephansdom. We will walk through the catacombs to see them', 120, 7,
        'Catacombs', 6, 'SIGHTSEEING', 17),
       (15, 'Climbing up the South tower of the Stephansdom', 105, 10, '343 Steps', 10, 'SIGHTSEEING', 17),
       (16, 'Tour inside the United Nations Office building', 180, 20, 'United Nations Office', 30, 'SIGHTSEEING', 22),
       (17, 'We will get the cheapest tickets for what ever piece they are showing in the Opera House', 240, 10,
        'Night at the Opera House', 15, 'CONCERT', 19),
       (18, 'Watching Bodyguard - The Musical', 180, 10, 'Bodyguard - The Musical', 20, 'CONCERT', 22),
       (19, 'Watching I Am From Austria - The Musical', 180, 10, 'I Am From Austria - The Musical', 20, 'CONCERT', 22),
       (20, 'Watching Elisabeth - The Musical', 180, 10, 'Elisabeth - The Musical', 20, 'CONCERT', 22),
       (21, 'Donauinsel: a few sets of beach volleyball', 120, 8, 'Beach Volleyball', 0,
        'SPORTS', 27),
       (22, 'Beach Volleyball and afterdrinks at Sand in the City', 180, 10, 'Beach Volleyball', 20, 'SPORTS', 28),
       (23, 'Bouldering at the Kletterhalle Wien', 120, 10, 'Bouldering', 20, 'SPORTS', 29),
       (24, 'Football in the adidas cage', 120, 10, 'Football in the city', 10, 'SPORTS', 30),
       (25, 'Lets play some old school board games', 180, 10, 'Game Night', 20, 'GAMES', 31),
       (26, 'Dungeons and Dragons', 180, 10, 'DnD Game Night', 0, 'GAMES', 14),
       (27, 'We play Monopoly!', 240, 10, 'Monopoly Night', 10, 'GAMES', 32),
       (28, 'We play DKG!', 240, 10, 'DKG Night', 10, 'GAMES', 32),
       (29, 'Naschmarkt and wherever it takes us after', 120, 8, 'Thrift shopping', 0, 'SPECIAL', 33),
       (30, 'Hunting down the best Schnitzel in Vienna', 120, 8, 'Vienna Schnitzel Tour', 45, 'SPECIAL', 14),
       (31, 'Hiking up Kahlenberg and stopping at a few Heurigen along the way', 210, 15, 'Hiking and Wine', 30,
        'SPECIAL', 34),
       (32, 'Bake your own Apfelstrudel', 105, 10, 'How To: Apfelstrudel', 10, 'SPECIAL', 14),
       (33, 'After-Uni drinks at Hermanns Strandbar', 120, 10, 'Strandbar Herrmann', 20, 'NIGHTLIFE', 35),
       (34, 'Lets meet to solve this pub quiz and win some prizes!', 150, 10, 'Crossfields Pub Quiz', 20,
        'NIGHTLIFE', 36),
       (35, 'We will go to the club together', 240, 10, 'Flex', 50, 'NIGHTLIFE', 37),
       (36, 'We will start at the Irish pub and see where the night will take us', 180, 10, 'Flanagans', 30,
        'NIGHTLIFE', 38),
       (37, 'Uncanny Values - Artificial Intelligence and You', 180, 8, 'MAK - Museum of Applied Arts', 25, 'MUSEUM',
        39),
       (38, 'Nitsch. Spaces of Color', 120, 10, 'Albertina', 18, 'MUSEUM', 40),
       (39, 'Oskar Kokoschka', 120, 10, 'Leopoldmuseum', 15, 'MUSEUM', 41),
       (40, 'Mark Rothko', 120, 10, 'Kunsthistorisches Museum', 15, 'MUSEUM', 42),
       (41, 'Vertigo', 120, 10, 'mumok', 15, 'MUSEUM', 41),
       (42, 'ÉDOUARD BALDUS', 120, 10, 'WestLicht', 15, 'MUSEUM', 43);


-- reservations
INSERT INTO Reservation (reservation_id, experience_id, person_id, reservation_date, attended, feedback, status)
VALUES (1, 1, 3, '2019-05-01', true, 'was a great day with my lads', 'CONFIRMED'),
       (2, 2, 4, '2019-06-10', null, null, 'CONFIRMED'),
       (3, 2, 5, '2019-06-15', null, null, 'CONFIRMED');

-- person_experience
INSERT INTO person_experience(person_id, experience_id)
values (1, 1),
       (2, 1),
       (1, 2);